{"Source":"InternalBuild","Data":{"System.CollectionId":"ee8504d9-65a6-4f6c-85ed-0ad4265128ee","System.DefinitionId":"2896","System.TeamProjectId":"d0b2f921-6924-4728-b44b-7de7d5175bfb","System.TeamProject":"OSS_Microsoft_OpenSSH","Build.BuildId":"535869","Build.BuildNumber":"Win32-OpenSSH-Signed-Desktop-Package-OneBranch-Official-2410.10001","Build.DefinitionName":"Win32-OpenSSH-Signed-Desktop-Package-OneBranch-Official","Build.DefinitionRevision":"2","Build.Repository.Name":"OSS_Microsoft_OpenSSH_Dev","Build.Repository.Provider":"TfsGit","Build.Repository.Id":"b68dca4d-2be9-4f3b-9a04-435ce7fabcfd","Build.SourceBranch":"refs/heads/git_ps_latestw_all","Build.SourceBranchName":"git_ps_latestw_all","Build.SourceVersion":"58cc0d7a0b35c8951c80082e104d5941d058165a","Build.Repository.Uri":"https://mscodehub.visualstudio.com/OSS_Microsoft_OpenSSH/_git/OSS_Microsoft_OpenSSH_Dev","EbomId":"6e3bdbae-3e24-5813-9255-3d06a5c7063b","1ES.PT.TemplateType":"official"},"Feed":null}