{
  "files": [
    {
      "fileName": "./../../s/OSS_Microsoft_OpenSSH_Dev/contrib/win32/openssh/ZLib/_manifest/spdx_2.2/manifest.spdx.json",
      "SPDXID": "SPDXRef-File--..-..-s-OSS-Microsoft-OpenSSH-Dev-contrib-win32-openssh-ZLib--manifest-spdx-2.2-manifest.spdx.json-16232B68C57E9D662108A05698D26F43C0ACABEA",
      "checksums": [
        {
          "algorithm": "SHA256",
          "checksumValue": "8faed6bc326795cd62f6c260495d25ffc563dd6c85b94acaa83dc6306f3bee56"
        },
        {
          "algorithm": "SHA1",
          "checksumValue": "16232b68c57e9d662108a05698d26f43c0acabea"
        }
      ],
      "licenseConcluded": "NOASSERTION",
      "licenseInfoInFiles": [
        "NOASSERTION"
      ],
      "copyrightText": "NOASSERTION",
      "fileTypes": [
        "SPDX"
      ]
    },
    {
      "fileName": "./../../s/OSS_Microsoft_OpenSSH_Dev/contrib/win32/openssh/LibreSSL/_manifest/spdx_2.2/manifest.spdx.json",
      "SPDXID": "SPDXRef-File--..-..-s-OSS-Microsoft-OpenSSH-Dev-contrib-win32-openssh-LibreSSL--manifest-spdx-2.2-manifest.spdx.json-156360D785BE3510595BB31D9DB5364066966965",
      "checksums": [
        {
          "algorithm": "SHA256",
          "checksumValue": "1da66fd492ecbd8333ddaa27b5757d5282b335be7aa75d42906fd09f0b85f134"
        },
        {
          "algorithm": "SHA1",
          "checksumValue": "156360d785be3510595bb31d9db5364066966965"
        }
      ],
      "licenseConcluded": "NOASSERTION",
      "licenseInfoInFiles": [
        "NOASSERTION"
      ],
      "copyrightText": "NOASSERTION",
      "fileTypes": [
        "SPDX"
      ]
    },
    {
      "fileName": "./../../s/OSS_Microsoft_OpenSSH_Dev/contrib/win32/openssh/libfido2/_manifest/spdx_2.2/manifest.spdx.json",
      "SPDXID": "SPDXRef-File--..-..-s-OSS-Microsoft-OpenSSH-Dev-contrib-win32-openssh-libfido2--manifest-spdx-2.2-manifest.spdx.json-B4D71991155EFC0E5C2B2F7186CCBEC3B7E54CB6",
      "checksums": [
        {
          "algorithm": "SHA256",
          "checksumValue": "88b03732d10ef8588678ebe6e837ffe201d21d2c5034e30c1203602d36484cc4"
        },
        {
          "algorithm": "SHA1",
          "checksumValue": "b4d71991155efc0e5c2b2f7186ccbec3b7e54cb6"
        }
      ],
      "licenseConcluded": "NOASSERTION",
      "licenseInfoInFiles": [
        "NOASSERTION"
      ],
      "copyrightText": "NOASSERTION",
      "fileTypes": [
        "SPDX"
      ]
    },
    {
      "fileName": "./OpenSSH-Win64/NOTICE.txt",
      "SPDXID": "SPDXRef-File--OpenSSH-Win64-NOTICE.txt-0C6BEDA8BE1A704C0C2615D4A481BACA0E56372D",
      "checksums": [
        {
          "algorithm": "SHA256",
          "checksumValue": "2cd5f5d0064bc909dfe0f0fc8f4787882c7c379f2730d89e5faa0c2bc57c620b"
        },
        {
          "algorithm": "SHA1",
          "checksumValue": "0c6beda8be1a704c0c2615d4a481baca0e56372d"
        }
      ],
      "licenseConcluded": "NOASSERTION",
      "licenseInfoInFiles": [
        "NOASSERTION"
      ],
      "copyrightText": "NOASSERTION"
    },
    {
      "fileName": "./OpenSSH-Win64/FixUserFilePermissions.ps1",
      "SPDXID": "SPDXRef-File--OpenSSH-Win64-FixUserFilePermissions.ps1-16AF70A12A5393601678B8D9587A4366379063E3",
      "checksums": [
        {
          "algorithm": "SHA256",
          "checksumValue": "8ed3bdcf409d1605f73984ba1ede132255619980fd252af4c594b0e37958cc38"
        },
        {
          "algorithm": "SHA1",
          "checksumValue": "16af70a12a5393601678b8d9587a4366379063e3"
        }
      ],
      "licenseConcluded": "NOASSERTION",
      "licenseInfoInFiles": [
        "NOASSERTION"
      ],
      "copyrightText": "NOASSERTION"
    },
    {
      "fileName": "./OpenSSH-Win64/install-sshd.ps1",
      "SPDXID": "SPDXRef-File--OpenSSH-Win64-install-sshd.ps1-55F77BDA886FFDC959ED44DC1488CCD7A3DA3931",
      "checksums": [
        {
          "algorithm": "SHA256",
          "checksumValue": "07badab2eaa1d155a4ad01ebfceaa9fc6dc434d7f8b0a1742c5a69799777195e"
        },
        {
          "algorithm": "SHA1",
          "checksumValue": "55f77bda886ffdc959ed44dc1488ccd7a3da3931"
        }
      ],
      "licenseConcluded": "NOASSERTION",
      "licenseInfoInFiles": [
        "NOASSERTION"
      ],
      "copyrightText": "NOASSERTION"
    },
    {
      "fileName": "./OpenSSH-Win64/LICENSE.txt",
      "SPDXID": "SPDXRef-File--OpenSSH-Win64-LICENSE.txt-A7739A32F1926D71A9EB22D101287ECEA09A6AC5",
      "checksums": [
        {
          "algorithm": "SHA256",
          "checksumValue": "e6a25da96c2fccdc025caad56d99f87851ec3fe814a3cea83f2bc77ffc800681"
        },
        {
          "algorithm": "SHA1",
          "checksumValue": "a7739a32f1926d71a9eb22d101287ecea09a6ac5"
        }
      ],
      "licenseConcluded": "NOASSERTION",
      "licenseInfoInFiles": [
        "NOASSERTION"
      ],
      "copyrightText": "NOASSERTION"
    },
    {
      "fileName": "./OpenSSH-Win64/FixHostFilePermissions.ps1",
      "SPDXID": "SPDXRef-File--OpenSSH-Win64-FixHostFilePermissions.ps1-4F188005ED909A57EAB212659CD8728054C94E07",
      "checksums": [
        {
          "algorithm": "SHA256",
          "checksumValue": "319180401f004cce04998dee4d5934f8ff4d6c952095f323da8b26d971c66fdb"
        },
        {
          "algorithm": "SHA1",
          "checksumValue": "4f188005ed909a57eab212659cd8728054c94e07"
        }
      ],
      "licenseConcluded": "NOASSERTION",
      "licenseInfoInFiles": [
        "NOASSERTION"
      ],
      "copyrightText": "NOASSERTION"
    },
    {
      "fileName": "./OpenSSH-Win64/OpenSSHUtils.psm1",
      "SPDXID": "SPDXRef-File--OpenSSH-Win64-OpenSSHUtils.psm1-5FAEDC1604BE9B376570784BF2D86FF637FEC960",
      "checksums": [
        {
          "algorithm": "SHA256",
          "checksumValue": "b4c38d2020a633dd697b285e43c2c64dffe11d52f319e7f57627ec65c009d67e"
        },
        {
          "algorithm": "SHA1",
          "checksumValue": "5faedc1604be9b376570784bf2d86ff637fec960"
        }
      ],
      "licenseConcluded": "NOASSERTION",
      "licenseInfoInFiles": [
        "NOASSERTION"
      ],
      "copyrightText": "NOASSERTION"
    },
    {
      "fileName": "./OpenSSH-Win64/OpenSSHUtils.psd1",
      "SPDXID": "SPDXRef-File--OpenSSH-Win64-OpenSSHUtils.psd1-538045D3495B54CEB84F61D81ED8F83D85482ECD",
      "checksums": [
        {
          "algorithm": "SHA256",
          "checksumValue": "26ea07af97c1b6aa1811fa4f23b244f3398996917a000ec6b290bdee3d3da296"
        },
        {
          "algorithm": "SHA1",
          "checksumValue": "538045d3495b54ceb84f61d81ed8f83d85482ecd"
        }
      ],
      "licenseConcluded": "NOASSERTION",
      "licenseInfoInFiles": [
        "NOASSERTION"
      ],
      "copyrightText": "NOASSERTION"
    },
    {
      "fileName": "./OpenSSH-Win64/scp.exe",
      "SPDXID": "SPDXRef-File--OpenSSH-Win64-scp.exe-8E900DDCCE39AD8A42495CD1B01B9FC5CCEAEE1D",
      "checksums": [
        {
          "algorithm": "SHA256",
          "checksumValue": "e5edbcbe152b74d29becac05065bcf3c74215384c0d8464a44b67a32a13e8ea3"
        },
        {
          "algorithm": "SHA1",
          "checksumValue": "8e900ddcce39ad8a42495cd1b01b9fc5cceaee1d"
        }
      ],
      "licenseConcluded": "NOASSERTION",
      "licenseInfoInFiles": [
        "NOASSERTION"
      ],
      "copyrightText": "NOASSERTION"
    },
    {
      "fileName": "./OpenSSH-Win64/sftp.exe",
      "SPDXID": "SPDXRef-File--OpenSSH-Win64-sftp.exe-2FBBC0EC4542495CF2CF2C9A9CD63A97CFBAF4D3",
      "checksums": [
        {
          "algorithm": "SHA256",
          "checksumValue": "2f97dbd6363dfd07df711df2862765a994fecfb22a7fa981d3f2b48293f92a43"
        },
        {
          "algorithm": "SHA1",
          "checksumValue": "2fbbc0ec4542495cf2cf2c9a9cd63a97cfbaf4d3"
        }
      ],
      "licenseConcluded": "NOASSERTION",
      "licenseInfoInFiles": [
        "NOASSERTION"
      ],
      "copyrightText": "NOASSERTION"
    },
    {
      "fileName": "./OpenSSH-Win64/moduli",
      "SPDXID": "SPDXRef-File--OpenSSH-Win64-moduli-D000837A7C67C88BAAA61D643E48A28B2F40B7AF",
      "checksums": [
        {
          "algorithm": "SHA256",
          "checksumValue": "bd6b9d63cd668af7ba13ae367f40a9efa30986aba0e4d91a03e212992351daeb"
        },
        {
          "algorithm": "SHA1",
          "checksumValue": "d000837a7c67c88baaa61d643e48a28b2f40b7af"
        }
      ],
      "licenseConcluded": "NOASSERTION",
      "licenseInfoInFiles": [
        "NOASSERTION"
      ],
      "copyrightText": "NOASSERTION"
    },
    {
      "fileName": "./OpenSSH-Win64/ssh-pkcs11-helper.exe",
      "SPDXID": "SPDXRef-File--OpenSSH-Win64-ssh-pkcs11-helper.exe-E42C4A28E508BD2E91E97ABF7AA4B13FC23E3730",
      "checksums": [
        {
          "algorithm": "SHA256",
          "checksumValue": "14d3ee01c10ed7cae4245abfcc87674d76fb1820ab827fe4327bba3f918964fe"
        },
        {
          "algorithm": "SHA1",
          "checksumValue": "e42c4a28e508bd2e91e97abf7aa4b13fc23e3730"
        }
      ],
      "licenseConcluded": "NOASSERTION",
      "licenseInfoInFiles": [
        "NOASSERTION"
      ],
      "copyrightText": "NOASSERTION"
    },
    {
      "fileName": "./OpenSSH-Win64/ssh-agent.exe",
      "SPDXID": "SPDXRef-File--OpenSSH-Win64-ssh-agent.exe-D5CB7E19638E4888523E9DE30AFBF764C9A5A0A8",
      "checksums": [
        {
          "algorithm": "SHA256",
          "checksumValue": "c834f7325e4324e41b9c21a1457ea740184c8e70f41f9d0edc9aced6e33dc792"
        },
        {
          "algorithm": "SHA1",
          "checksumValue": "d5cb7e19638e4888523e9de30afbf764c9a5a0a8"
        }
      ],
      "licenseConcluded": "NOASSERTION",
      "licenseInfoInFiles": [
        "NOASSERTION"
      ],
      "copyrightText": "NOASSERTION"
    },
    {
      "fileName": "./OpenSSH-Win64/ssh-keyscan.exe",
      "SPDXID": "SPDXRef-File--OpenSSH-Win64-ssh-keyscan.exe-D8359AE0D3AE69DA11DBCA5C7127F7233743DD37",
      "checksums": [
        {
          "algorithm": "SHA256",
          "checksumValue": "eae3b49ab47d26e22c14d17c68e413b39db28ec2652207e6d79b175f0ec35291"
        },
        {
          "algorithm": "SHA1",
          "checksumValue": "d8359ae0d3ae69da11dbca5c7127f7233743dd37"
        }
      ],
      "licenseConcluded": "NOASSERTION",
      "licenseInfoInFiles": [
        "NOASSERTION"
      ],
      "copyrightText": "NOASSERTION"
    },
    {
      "fileName": "./OpenSSH-Win64/ssh-shellhost.exe",
      "SPDXID": "SPDXRef-File--OpenSSH-Win64-ssh-shellhost.exe-83DAA9097B9865E6BFE32E3F71DBE10BD443D3A9",
      "checksums": [
        {
          "algorithm": "SHA256",
          "checksumValue": "ca672731d18721cd94165b59008297e7f5093765cd57edf55e041d2ab01d08b0"
        },
        {
          "algorithm": "SHA1",
          "checksumValue": "83daa9097b9865e6bfe32e3f71dbe10bd443d3a9"
        }
      ],
      "licenseConcluded": "NOASSERTION",
      "licenseInfoInFiles": [
        "NOASSERTION"
      ],
      "copyrightText": "NOASSERTION"
    },
    {
      "fileName": "./OpenSSH-Win64/uninstall-sshd.ps1",
      "SPDXID": "SPDXRef-File--OpenSSH-Win64-uninstall-sshd.ps1-C689F41DDDC0E726587D8D9300404CF0A9ED050C",
      "checksums": [
        {
          "algorithm": "SHA256",
          "checksumValue": "ef5a273d88d3a359612a2d1140dbf70e70e3787a2a15ae8f8987b4bebea5e330"
        },
        {
          "algorithm": "SHA1",
          "checksumValue": "c689f41dddc0e726587d8d9300404cf0a9ed050c"
        }
      ],
      "licenseConcluded": "NOASSERTION",
      "licenseInfoInFiles": [
        "NOASSERTION"
      ],
      "copyrightText": "NOASSERTION"
    },
    {
      "fileName": "./OpenSSH-Win64/ssh-add.exe",
      "SPDXID": "SPDXRef-File--OpenSSH-Win64-ssh-add.exe-A2892CAF6573C530A36A4D09237FBB95F35F8986",
      "checksums": [
        {
          "algorithm": "SHA256",
          "checksumValue": "e24fb57dcf71f39738571c227c14efbbf5b0bff26be0865d77faadc5c6b7bd83"
        },
        {
          "algorithm": "SHA1",
          "checksumValue": "a2892caf6573c530a36a4d09237fbb95f35f8986"
        }
      ],
      "licenseConcluded": "NOASSERTION",
      "licenseInfoInFiles": [
        "NOASSERTION"
      ],
      "copyrightText": "NOASSERTION"
    },
    {
      "fileName": "./OpenSSH-Win64/libcrypto.dll",
      "SPDXID": "SPDXRef-File--OpenSSH-Win64-libcrypto.dll-F31CE54839A6AA2FE8E1A042BC227160862EF92D",
      "checksums": [
        {
          "algorithm": "SHA256",
          "checksumValue": "3a14dd554f5f44de74914564ed89c57eadf4431f6b219c9c0b94c134297c4f6c"
        },
        {
          "algorithm": "SHA1",
          "checksumValue": "f31ce54839a6aa2fe8e1a042bc227160862ef92d"
        }
      ],
      "licenseConcluded": "NOASSERTION",
      "licenseInfoInFiles": [
        "NOASSERTION"
      ],
      "copyrightText": "NOASSERTION"
    },
    {
      "fileName": "./OpenSSH-Win64/sshd.exe",
      "SPDXID": "SPDXRef-File--OpenSSH-Win64-sshd.exe-5D8BEDCB3BCE4D61B5167EEA7B889F5240870AF5",
      "checksums": [
        {
          "algorithm": "SHA256",
          "checksumValue": "04563c9ab2a523c27bdc455d55232f89b5c05cc946c56699bb298d71ac7d4985"
        },
        {
          "algorithm": "SHA1",
          "checksumValue": "5d8bedcb3bce4d61b5167eea7b889f5240870af5"
        }
      ],
      "licenseConcluded": "NOASSERTION",
      "licenseInfoInFiles": [
        "NOASSERTION"
      ],
      "copyrightText": "NOASSERTION"
    },
    {
      "fileName": "./OpenSSH-Win64/sftp-server.exe",
      "SPDXID": "SPDXRef-File--OpenSSH-Win64-sftp-server.exe-72238A4FB980FBD6C1B75E5FFE6BCFEE1908D553",
      "checksums": [
        {
          "algorithm": "SHA256",
          "checksumValue": "06aaecfdbb4f8f8580b3b9b64863dc883dca695248df05d8df8dc585bc448709"
        },
        {
          "algorithm": "SHA1",
          "checksumValue": "72238a4fb980fbd6c1b75e5ffe6bcfee1908d553"
        }
      ],
      "licenseConcluded": "NOASSERTION",
      "licenseInfoInFiles": [
        "NOASSERTION"
      ],
      "copyrightText": "NOASSERTION"
    },
    {
      "fileName": "./OpenSSH-Win64/ssh.exe",
      "SPDXID": "SPDXRef-File--OpenSSH-Win64-ssh.exe-7AAE32E4CC958F3765C37F98344DF60D426F46B3",
      "checksums": [
        {
          "algorithm": "SHA256",
          "checksumValue": "62578d9bf1f2079968fb92352a535587e47c154b1556c31cb015a60109d0cf0b"
        },
        {
          "algorithm": "SHA1",
          "checksumValue": "7aae32e4cc958f3765c37f98344df60d426f46b3"
        }
      ],
      "licenseConcluded": "NOASSERTION",
      "licenseInfoInFiles": [
        "NOASSERTION"
      ],
      "copyrightText": "NOASSERTION"
    },
    {
      "fileName": "./OpenSSH-Win64/sshd-session.exe",
      "SPDXID": "SPDXRef-File--OpenSSH-Win64-sshd-session.exe-C5E4204CEC76D7C0073D1104CBCF3F0BA2C06F65",
      "checksums": [
        {
          "algorithm": "SHA256",
          "checksumValue": "3e2aa53c61d8dad77bb1c18a08a1b8f97ef4e1580989a6f2b395ddb590fec673"
        },
        {
          "algorithm": "SHA1",
          "checksumValue": "c5e4204cec76d7c0073d1104cbcf3f0ba2c06f65"
        }
      ],
      "licenseConcluded": "NOASSERTION",
      "licenseInfoInFiles": [
        "NOASSERTION"
      ],
      "copyrightText": "NOASSERTION"
    },
    {
      "fileName": "./OpenSSH-Win64/ssh-sk-helper.exe",
      "SPDXID": "SPDXRef-File--OpenSSH-Win64-ssh-sk-helper.exe-61BBD00C6F31C522E08D6714797CE950BE5F7289",
      "checksums": [
        {
          "algorithm": "SHA256",
          "checksumValue": "5a93b42b10467e262b89cd6ed4b95017d0800d563e07fe94fde773c4761a1632"
        },
        {
          "algorithm": "SHA1",
          "checksumValue": "61bbd00c6f31c522e08d6714797ce950be5f7289"
        }
      ],
      "licenseConcluded": "NOASSERTION",
      "licenseInfoInFiles": [
        "NOASSERTION"
      ],
      "copyrightText": "NOASSERTION"
    },
    {
      "fileName": "./OpenSSH-MSI-Win64/openssh.msi",
      "SPDXID": "SPDXRef-File--OpenSSH-MSI-Win64-openssh.msi-2970856C7857C296606CA48E61601DDA91B3FACE",
      "checksums": [
        {
          "algorithm": "SHA256",
          "checksumValue": "0b9d5910956dc4616bce2f8fc86ed27187f0b0fbaf4c3dda26f8faa7c291bdd0"
        },
        {
          "algorithm": "SHA1",
          "checksumValue": "2970856c7857c296606ca48e61601dda91b3face"
        }
      ],
      "licenseConcluded": "NOASSERTION",
      "licenseInfoInFiles": [
        "NOASSERTION"
      ],
      "copyrightText": "NOASSERTION"
    },
    {
      "fileName": "./OpenSSH-Win64/openssh-events.man",
      "SPDXID": "SPDXRef-File--OpenSSH-Win64-openssh-events.man-39F0E1C5FDF3F456EEAF9F1A5696A7CA64617F86",
      "checksums": [
        {
          "algorithm": "SHA256",
          "checksumValue": "c36019e53e3045cba2639bf35ed1e2498e3563b272533e53301165c31ab60199"
        },
        {
          "algorithm": "SHA1",
          "checksumValue": "39f0e1c5fdf3f456eeaf9f1a5696a7ca64617f86"
        }
      ],
      "licenseConcluded": "NOASSERTION",
      "licenseInfoInFiles": [
        "NOASSERTION"
      ],
      "copyrightText": "NOASSERTION"
    },
    {
      "fileName": "./OpenSSH-Win64_Symbols/ssh-agent.pdb",
      "SPDXID": "SPDXRef-File--OpenSSH-Win64-Symbols-ssh-agent.pdb-9C25911BC6A4C681A9C8EFFF76480956CB8373C1",
      "checksums": [
        {
          "algorithm": "SHA256",
          "checksumValue": "48894b718e22185579d09ddaec1f6016a4914bad2d7d50a0f9eb30917100ad4a"
        },
        {
          "algorithm": "SHA1",
          "checksumValue": "9c25911bc6a4c681a9c8efff76480956cb8373c1"
        }
      ],
      "licenseConcluded": "NOASSERTION",
      "licenseInfoInFiles": [
        "NOASSERTION"
      ],
      "copyrightText": "NOASSERTION"
    },
    {
      "fileName": "./OpenSSH-Win64/ssh-keygen.exe",
      "SPDXID": "SPDXRef-File--OpenSSH-Win64-ssh-keygen.exe-8991F4E3ECCA6AF7F0A044C9D586B1DA104B1C28",
      "checksums": [
        {
          "algorithm": "SHA256",
          "checksumValue": "bc0fcfde59b1dbcb05a429187a670dd050d70dc5a19871c1435b7e09daff95ad"
        },
        {
          "algorithm": "SHA1",
          "checksumValue": "8991f4e3ecca6af7f0a044c9d586b1da104b1c28"
        }
      ],
      "licenseConcluded": "NOASSERTION",
      "licenseInfoInFiles": [
        "NOASSERTION"
      ],
      "copyrightText": "NOASSERTION"
    },
    {
      "fileName": "./OpenSSH-Win64_Symbols/sftp-server.pdb",
      "SPDXID": "SPDXRef-File--OpenSSH-Win64-Symbols-sftp-server.pdb-A82419CBFB4C4198CBE52F7E906BF9474BBE02C3",
      "checksums": [
        {
          "algorithm": "SHA256",
          "checksumValue": "a00333ffa1a060508349e2ad698d0c12cc7342dffcd10f6be5f66206ef3a67ff"
        },
        {
          "algorithm": "SHA1",
          "checksumValue": "a82419cbfb4c4198cbe52f7e906bf9474bbe02c3"
        }
      ],
      "licenseConcluded": "NOASSERTION",
      "licenseInfoInFiles": [
        "NOASSERTION"
      ],
      "copyrightText": "NOASSERTION"
    },
    {
      "fileName": "./OpenSSH-Win64/sshd_config_default",
      "SPDXID": "SPDXRef-File--OpenSSH-Win64-sshd-config-default-825CDEC4CF05869C74B01E7A1C8BF3C5E2C45CD8",
      "checksums": [
        {
          "algorithm": "SHA256",
          "checksumValue": "99f373a06dfa706f0a8a98d655c776850305b4b1ea3bf9a33fa926897bb15649"
        },
        {
          "algorithm": "SHA1",
          "checksumValue": "825cdec4cf05869c74b01e7a1c8bf3c5e2c45cd8"
        }
      ],
      "licenseConcluded": "NOASSERTION",
      "licenseInfoInFiles": [
        "NOASSERTION"
      ],
      "copyrightText": "NOASSERTION"
    },
    {
      "fileName": "./OpenSSH-Win64_Symbols/sftp.pdb",
      "SPDXID": "SPDXRef-File--OpenSSH-Win64-Symbols-sftp.pdb-3A7559C79BED433D01DC4F04F0EA0827B1A3E250",
      "checksums": [
        {
          "algorithm": "SHA256",
          "checksumValue": "352639bf15606db58118fd0ef7392cd12c8ba26982300789868cd07ef40d5bdb"
        },
        {
          "algorithm": "SHA1",
          "checksumValue": "3a7559c79bed433d01dc4f04f0ea0827b1a3e250"
        }
      ],
      "licenseConcluded": "NOASSERTION",
      "licenseInfoInFiles": [
        "NOASSERTION"
      ],
      "copyrightText": "NOASSERTION"
    },
    {
      "fileName": "./OpenSSH-Win64_Symbols/scp.pdb",
      "SPDXID": "SPDXRef-File--OpenSSH-Win64-Symbols-scp.pdb-7193DA1AB85A0BFC0B5DAB9C7F45EA5E29038918",
      "checksums": [
        {
          "algorithm": "SHA256",
          "checksumValue": "5ac2339ff219db697914c1b8a6cc81e202d0444d6008bcc4389abc8c658661bd"
        },
        {
          "algorithm": "SHA1",
          "checksumValue": "7193da1ab85a0bfc0b5dab9c7f45ea5e29038918"
        }
      ],
      "licenseConcluded": "NOASSERTION",
      "licenseInfoInFiles": [
        "NOASSERTION"
      ],
      "copyrightText": "NOASSERTION"
    },
    {
      "fileName": "./OpenSSH-Win64_Symbols/libcrypto.pdb",
      "SPDXID": "SPDXRef-File--OpenSSH-Win64-Symbols-libcrypto.pdb-1632FDA290E6698D410F717A33FB3B234A1202FA",
      "checksums": [
        {
          "algorithm": "SHA256",
          "checksumValue": "ba8016f970576ddf36f24ce94582b908469bff0b2672174b765d7142144db42a"
        },
        {
          "algorithm": "SHA1",
          "checksumValue": "1632fda290e6698d410f717a33fb3b234a1202fa"
        }
      ],
      "licenseConcluded": "NOASSERTION",
      "licenseInfoInFiles": [
        "NOASSERTION"
      ],
      "copyrightText": "NOASSERTION"
    },
    {
      "fileName": "./OpenSSH-Win64_Symbols/sshd.pdb",
      "SPDXID": "SPDXRef-File--OpenSSH-Win64-Symbols-sshd.pdb-34267B388DBD9E86D8D88D01AE8435A591621D48",
      "checksums": [
        {
          "algorithm": "SHA256",
          "checksumValue": "4766fb554619c39d4851aea750d851f1618b11cd982642490882f267ab64d04f"
        },
        {
          "algorithm": "SHA1",
          "checksumValue": "34267b388dbd9e86d8d88d01ae8435a591621d48"
        }
      ],
      "licenseConcluded": "NOASSERTION",
      "licenseInfoInFiles": [
        "NOASSERTION"
      ],
      "copyrightText": "NOASSERTION"
    },
    {
      "fileName": "./OpenSSH-Win64_Symbols/ssh-sk-helper.pdb",
      "SPDXID": "SPDXRef-File--OpenSSH-Win64-Symbols-ssh-sk-helper.pdb-A2F89D0E8B95C1533D45618488769146B64AB7B5",
      "checksums": [
        {
          "algorithm": "SHA256",
          "checksumValue": "94260312939279a83a2bb865779c97c75cf1c990fe80445313a5b97b8ba26bf5"
        },
        {
          "algorithm": "SHA1",
          "checksumValue": "a2f89d0e8b95c1533d45618488769146b64ab7b5"
        }
      ],
      "licenseConcluded": "NOASSERTION",
      "licenseInfoInFiles": [
        "NOASSERTION"
      ],
      "copyrightText": "NOASSERTION"
    },
    {
      "fileName": "./OpenSSH-Win64_Symbols/ssh-shellhost.pdb",
      "SPDXID": "SPDXRef-File--OpenSSH-Win64-Symbols-ssh-shellhost.pdb-7CFF75C89FC409A707A9FCA6E9AE5CC4C24516DB",
      "checksums": [
        {
          "algorithm": "SHA256",
          "checksumValue": "afd180b44212c08dc7428fd0063cd861f9afb6993aec8d49fafe2c82fae19ac2"
        },
        {
          "algorithm": "SHA1",
          "checksumValue": "7cff75c89fc409a707a9fca6e9ae5cc4c24516db"
        }
      ],
      "licenseConcluded": "NOASSERTION",
      "licenseInfoInFiles": [
        "NOASSERTION"
      ],
      "copyrightText": "NOASSERTION"
    },
    {
      "fileName": "./OpenSSH-Win64_Symbols/ssh-add.pdb",
      "SPDXID": "SPDXRef-File--OpenSSH-Win64-Symbols-ssh-add.pdb-0A3650C12B896A823FA21870C919BC90BB5D744A",
      "checksums": [
        {
          "algorithm": "SHA256",
          "checksumValue": "54ea9e803d76592bdb3f4cf290679261122717135306216303a1d714dbb718cb"
        },
        {
          "algorithm": "SHA1",
          "checksumValue": "0a3650c12b896a823fa21870c919bc90bb5d744a"
        }
      ],
      "licenseConcluded": "NOASSERTION",
      "licenseInfoInFiles": [
        "NOASSERTION"
      ],
      "copyrightText": "NOASSERTION"
    },
    {
      "fileName": "./OpenSSH-Win64_Symbols/ssh-pkcs11-helper.pdb",
      "SPDXID": "SPDXRef-File--OpenSSH-Win64-Symbols-ssh-pkcs11-helper.pdb-6B4B8EDDA89B912D7739D7081322B9DE8746B5F9",
      "checksums": [
        {
          "algorithm": "SHA256",
          "checksumValue": "81a9288f69a4fbab0015a0b4d681a3700e34a8ef25276271746784048abb42a3"
        },
        {
          "algorithm": "SHA1",
          "checksumValue": "6b4b8edda89b912d7739d7081322b9de8746b5f9"
        }
      ],
      "licenseConcluded": "NOASSERTION",
      "licenseInfoInFiles": [
        "NOASSERTION"
      ],
      "copyrightText": "NOASSERTION"
    },
    {
      "fileName": "./OpenSSH-Win64_Symbols/ssh.pdb",
      "SPDXID": "SPDXRef-File--OpenSSH-Win64-Symbols-ssh.pdb-FD3B2A3EF5A23987965057E2D09371AF6D8AF71F",
      "checksums": [
        {
          "algorithm": "SHA256",
          "checksumValue": "537ce87b8f822d48754b95b7f38987a1caba236b6b55c338158e01e715225d35"
        },
        {
          "algorithm": "SHA1",
          "checksumValue": "fd3b2a3ef5a23987965057e2d09371af6d8af71f"
        }
      ],
      "licenseConcluded": "NOASSERTION",
      "licenseInfoInFiles": [
        "NOASSERTION"
      ],
      "copyrightText": "NOASSERTION"
    },
    {
      "fileName": "./OpenSSH-Win64_BuildInfo/Unittests-Win64.zip",
      "SPDXID": "SPDXRef-File--OpenSSH-Win64-BuildInfo-Unittests-Win64.zip-478CBA7DA7171B355DB9D84C583047792EFF21AA",
      "checksums": [
        {
          "algorithm": "SHA256",
          "checksumValue": "1b602030f5d5cda129f5a1b3b9d9edff08cef6d5ea2ef5055b26616fda1f48d9"
        },
        {
          "algorithm": "SHA1",
          "checksumValue": "478cba7da7171b355db9d84c583047792eff21aa"
        }
      ],
      "licenseConcluded": "NOASSERTION",
      "licenseInfoInFiles": [
        "NOASSERTION"
      ],
      "copyrightText": "NOASSERTION"
    },
    {
      "fileName": "./OpenSSH-Win64_BuildInfo/OpenSSHReleasex64.log",
      "SPDXID": "SPDXRef-File--OpenSSH-Win64-BuildInfo-OpenSSHReleasex64.log-89742A8302F153929BC4B21F59FA008F7FE36580",
      "checksums": [
        {
          "algorithm": "SHA256",
          "checksumValue": "57354f8017ded13836068a4fa53a14bd3d57832a764b7c8dc9c89ac0a7385fe7"
        },
        {
          "algorithm": "SHA1",
          "checksumValue": "89742a8302f153929bc4b21f59fa008f7fe36580"
        }
      ],
      "licenseConcluded": "NOASSERTION",
      "licenseInfoInFiles": [
        "NOASSERTION"
      ],
      "copyrightText": "NOASSERTION"
    },
    {
      "fileName": "./OpenSSH-Win64_Symbols/sshd-session.pdb",
      "SPDXID": "SPDXRef-File--OpenSSH-Win64-Symbols-sshd-session.pdb-1E0A95D2A37DB134EB5C0AE186562E0120D64E11",
      "checksums": [
        {
          "algorithm": "SHA256",
          "checksumValue": "f631c9b67e4c5d5c5ea2f2be932a0a3bad20f370f316c01a2b1990f2c21eb1e1"
        },
        {
          "algorithm": "SHA1",
          "checksumValue": "1e0a95d2a37db134eb5c0ae186562e0120d64e11"
        }
      ],
      "licenseConcluded": "NOASSERTION",
      "licenseInfoInFiles": [
        "NOASSERTION"
      ],
      "copyrightText": "NOASSERTION"
    },
    {
      "fileName": "./OpenSSH-Win64_Symbols/ssh-keyscan.pdb",
      "SPDXID": "SPDXRef-File--OpenSSH-Win64-Symbols-ssh-keyscan.pdb-04EE6EE88EF8F768B3B14BBA15BC55AADD5EE01B",
      "checksums": [
        {
          "algorithm": "SHA256",
          "checksumValue": "20c1b388c77be178c612b79e6c60e07aafe324e189cec902cb5e43de16ae5304"
        },
        {
          "algorithm": "SHA1",
          "checksumValue": "04ee6ee88ef8f768b3b14bba15bc55aadd5ee01b"
        }
      ],
      "licenseConcluded": "NOASSERTION",
      "licenseInfoInFiles": [
        "NOASSERTION"
      ],
      "copyrightText": "NOASSERTION"
    },
    {
      "fileName": "./OpenSSH-Win64_Symbols/ssh-keygen.pdb",
      "SPDXID": "SPDXRef-File--OpenSSH-Win64-Symbols-ssh-keygen.pdb-ADB86D6EC48121EA2937D0BE91DEC8AD94B973B0",
      "checksums": [
        {
          "algorithm": "SHA256",
          "checksumValue": "608c9653aaa2c7cb277e5e031b16021d96133ac28ba23c0f259443de251c01b2"
        },
        {
          "algorithm": "SHA1",
          "checksumValue": "adb86d6ec48121ea2937d0be91dec8ad94b973b0"
        }
      ],
      "licenseConcluded": "NOASSERTION",
      "licenseInfoInFiles": [
        "NOASSERTION"
      ],
      "copyrightText": "NOASSERTION"
    }
  ],
  "packages": [
    {
      "name": "powershell_libcbor",
      "SPDXID": "SPDXRef-Package-41513D39CF449D8ADCB8FD146C5BA8697DDD30C2F972014C55C4A6EC6AA7EB76",
      "downloadLocation": "https://github.com/PowerShell/libcbor",
      "filesAnalyzed": false,
      "licenseConcluded": "NOASSERTION",
      "licenseDeclared": "NOASSERTION",
      "copyrightText": "NOASSERTION",
      "versionInfo": "0.11.0",
      "supplier": "NOASSERTION"
    },
    {
      "name": "powershell_zlib",
      "SPDXID": "SPDXRef-Package-7D958500B3992EFD73E1B44F7EE13941A499D40BC9121889534BA2383A0CBB0D",
      "downloadLocation": "https://github.com/PowerShell/ZLib/releases/tag/V1.3.1.zip",
      "filesAnalyzed": false,
      "licenseConcluded": "NOASSERTION",
      "licenseDeclared": "NOASSERTION",
      "copyrightText": "NOASSERTION",
      "versionInfo": "1.3.1",
      "supplier": "NOASSERTION"
    },
    {
      "name": "libfido2",
      "SPDXID": "SPDXRef-Package-DBE1ADCC77824D44C3798D437C096E9C2F45322F9BFB9D84DF3B676062741CAA",
      "downloadLocation": "https://github.com/Yubico/libfido2",
      "filesAnalyzed": false,
      "licenseConcluded": "NOASSERTION",
      "licenseDeclared": "NOASSERTION",
      "copyrightText": "NOASSERTION",
      "versionInfo": "1.15.0",
      "supplier": "NOASSERTION"
    },
    {
      "name": "libcbor",
      "SPDXID": "SPDXRef-Package-971DCD74BBB31990D0289EF759070595E5B80F51DA88731700252A67F3064BD6",
      "downloadLocation": "https://github.com/PJK/libcbor",
      "filesAnalyzed": false,
      "licenseConcluded": "NOASSERTION",
      "licenseDeclared": "NOASSERTION",
      "copyrightText": "NOASSERTION",
      "versionInfo": "0.11.0",
      "supplier": "NOASSERTION"
    },
    {
      "name": "zlib",
      "SPDXID": "SPDXRef-Package-C48644207E7AC039A85B1C41085F3B31ADE0273DA9D828D7D7C0D1F0CD93B8BA",
      "downloadLocation": "http://zlib.net/",
      "filesAnalyzed": false,
      "licenseConcluded": "NOASSERTION",
      "licenseDeclared": "NOASSERTION",
      "copyrightText": "NOASSERTION",
      "versionInfo": "1.3.1",
      "supplier": "NOASSERTION"
    },
    {
      "name": "powershell_libfido2",
      "SPDXID": "SPDXRef-Package-50FA054C3CF71B778225C94E02FCA57826614416A915D007D604DF84D814DFA2",
      "downloadLocation": "https://github.com/PowerShell/libfido2/archive/refs/tags/1.15.0.zip",
      "filesAnalyzed": false,
      "licenseConcluded": "NOASSERTION",
      "licenseDeclared": "NOASSERTION",
      "copyrightText": "NOASSERTION",
      "versionInfo": "1.15.0",
      "supplier": "NOASSERTION"
    },
    {
      "name": "powershell_libressl",
      "SPDXID": "SPDXRef-Package-182A9D7AD66AD96CB9B50CB7C7277CC82B7319584FF0AD78065EFF674DC885E2",
      "downloadLocation": "https://github.com/PowerShell/LibreSSL/releases/tag/V3.9.2.0.zip",
      "filesAnalyzed": false,
      "licenseConcluded": "NOASSERTION",
      "licenseDeclared": "NOASSERTION",
      "copyrightText": "NOASSERTION",
      "versionInfo": "3.9.2.0",
      "supplier": "NOASSERTION"
    },
    {
      "name": "libressl",
      "SPDXID": "SPDXRef-Package-A6B550AE63FAE4F6684F78074DA208B4ADECD0551CB1D2393374A21604B75A9F",
      "downloadLocation": "https://www.libressl.org/",
      "filesAnalyzed": false,
      "licenseConcluded": "NOASSERTION",
      "licenseDeclared": "NOASSERTION",
      "copyrightText": "NOASSERTION",
      "versionInfo": "3.9.2.0",
      "supplier": "NOASSERTION"
    },
    {
      "name": "WiX",
      "SPDXID": "SPDXRef-Package-0453B7455A0B8778D4DD20EE81622AB2F93F2F060FF21F033C6ECF10EA3EFE9F",
      "downloadLocation": "NOASSERTION",
      "filesAnalyzed": false,
      "licenseConcluded": "NOASSERTION",
      "licenseDeclared": "NOASSERTION",
      "copyrightText": "NOASSERTION",
      "versionInfo": "3.14.1",
      "externalRefs": [
        {
          "referenceCategory": "PACKAGE-MANAGER",
          "referenceType": "purl",
          "referenceLocator": "pkg:nuget/WiX@3.14.1"
        }
      ],
      "supplier": "NOASSERTION"
    },
    {
      "name": "OpenSSH",
      "SPDXID": "SPDXRef-RootPackage",
      "downloadLocation": "NOASSERTION",
      "packageVerificationCode": {
        "packageVerificationCodeValue": "2f2c69e22f66cd1cc8d98074a6b8746cc3a2a276"
      },
      "filesAnalyzed": true,
      "licenseConcluded": "NOASSERTION",
      "licenseInfoFromFiles": [
        "NOASSERTION"
      ],
      "licenseDeclared": "NOASSERTION",
      "copyrightText": "NOASSERTION",
      "versionInfo": "9.8.1.0",
      "externalRefs": [
        {
          "referenceCategory": "PACKAGE-MANAGER",
          "referenceType": "purl",
          "referenceLocator": "pkg:swid/Microsoft/sbom.microsoft/OpenSSH@9.8.1.0?tag_id=e0a34f45-b8b4-4293-8c45-c92c9a2b7501"
        }
      ],
      "supplier": "Organization: Microsoft",
      "hasFiles": [
        "SPDXRef-File--OpenSSH-Win64-Symbols-ssh-keygen.pdb-ADB86D6EC48121EA2937D0BE91DEC8AD94B973B0",
        "SPDXRef-File--OpenSSH-Win64-Symbols-ssh-keyscan.pdb-04EE6EE88EF8F768B3B14BBA15BC55AADD5EE01B",
        "SPDXRef-File--OpenSSH-Win64-Symbols-sshd-session.pdb-1E0A95D2A37DB134EB5C0AE186562E0120D64E11",
        "SPDXRef-File--OpenSSH-Win64-BuildInfo-OpenSSHReleasex64.log-89742A8302F153929BC4B21F59FA008F7FE36580",
        "SPDXRef-File--OpenSSH-Win64-Symbols-ssh-pkcs11-helper.pdb-6B4B8EDDA89B912D7739D7081322B9DE8746B5F9",
        "SPDXRef-File--OpenSSH-Win64-Symbols-sshd.pdb-34267B388DBD9E86D8D88D01AE8435A591621D48",
        "SPDXRef-File--OpenSSH-Win64-Symbols-libcrypto.pdb-1632FDA290E6698D410F717A33FB3B234A1202FA",
        "SPDXRef-File--OpenSSH-Win64-Symbols-scp.pdb-7193DA1AB85A0BFC0B5DAB9C7F45EA5E29038918",
        "SPDXRef-File--OpenSSH-Win64-Symbols-sftp.pdb-3A7559C79BED433D01DC4F04F0EA0827B1A3E250",
        "SPDXRef-File--OpenSSH-Win64-ssh-agent.exe-D5CB7E19638E4888523E9DE30AFBF764C9A5A0A8",
        "SPDXRef-File--OpenSSH-Win64-ssh-pkcs11-helper.exe-E42C4A28E508BD2E91E97ABF7AA4B13FC23E3730",
        "SPDXRef-File--OpenSSH-Win64-sshd-config-default-825CDEC4CF05869C74B01E7A1C8BF3C5E2C45CD8",
        "SPDXRef-File--OpenSSH-Win64-ssh-keygen.exe-8991F4E3ECCA6AF7F0A044C9D586B1DA104B1C28",
        "SPDXRef-File--OpenSSH-Win64-ssh.exe-7AAE32E4CC958F3765C37F98344DF60D426F46B3",
        "SPDXRef-File--OpenSSH-Win64-sftp.exe-2FBBC0EC4542495CF2CF2C9A9CD63A97CFBAF4D3",
        "SPDXRef-File--OpenSSH-Win64-BuildInfo-Unittests-Win64.zip-478CBA7DA7171B355DB9D84C583047792EFF21AA",
        "SPDXRef-File--OpenSSH-Win64-ssh-sk-helper.exe-61BBD00C6F31C522E08D6714797CE950BE5F7289",
        "SPDXRef-File--OpenSSH-Win64-scp.exe-8E900DDCCE39AD8A42495CD1B01B9FC5CCEAEE1D",
        "SPDXRef-File--OpenSSH-Win64-Symbols-ssh.pdb-FD3B2A3EF5A23987965057E2D09371AF6D8AF71F",
        "SPDXRef-File--OpenSSH-Win64-Symbols-ssh-add.pdb-0A3650C12B896A823FA21870C919BC90BB5D744A",
        "SPDXRef-File--OpenSSH-Win64-sftp-server.exe-72238A4FB980FBD6C1B75E5FFE6BCFEE1908D553",
        "SPDXRef-File--OpenSSH-Win64-ssh-add.exe-A2892CAF6573C530A36A4D09237FBB95F35F8986",
        "SPDXRef-File--OpenSSH-Win64-uninstall-sshd.ps1-C689F41DDDC0E726587D8D9300404CF0A9ED050C",
        "SPDXRef-File--OpenSSH-Win64-moduli-D000837A7C67C88BAAA61D643E48A28B2F40B7AF",
        "SPDXRef-File--OpenSSH-Win64-OpenSSHUtils.psd1-538045D3495B54CEB84F61D81ED8F83D85482ECD",
        "SPDXRef-File--OpenSSH-Win64-FixHostFilePermissions.ps1-4F188005ED909A57EAB212659CD8728054C94E07",
        "SPDXRef-File--OpenSSH-Win64-Symbols-ssh-agent.pdb-9C25911BC6A4C681A9C8EFFF76480956CB8373C1",
        "SPDXRef-File--OpenSSH-Win64-openssh-events.man-39F0E1C5FDF3F456EEAF9F1A5696A7CA64617F86",
        "SPDXRef-File--OpenSSH-MSI-Win64-openssh.msi-2970856C7857C296606CA48E61601DDA91B3FACE",
        "SPDXRef-File--OpenSSH-Win64-sshd-session.exe-C5E4204CEC76D7C0073D1104CBCF3F0BA2C06F65",
        "SPDXRef-File--OpenSSH-Win64-ssh-shellhost.exe-83DAA9097B9865E6BFE32E3F71DBE10BD443D3A9",
        "SPDXRef-File--OpenSSH-Win64-LICENSE.txt-A7739A32F1926D71A9EB22D101287ECEA09A6AC5",
        "SPDXRef-File--OpenSSH-Win64-Symbols-ssh-shellhost.pdb-7CFF75C89FC409A707A9FCA6E9AE5CC4C24516DB",
        "SPDXRef-File--OpenSSH-Win64-Symbols-ssh-sk-helper.pdb-A2F89D0E8B95C1533D45618488769146B64AB7B5",
        "SPDXRef-File--OpenSSH-Win64-Symbols-sftp-server.pdb-A82419CBFB4C4198CBE52F7E906BF9474BBE02C3",
        "SPDXRef-File--OpenSSH-Win64-sshd.exe-5D8BEDCB3BCE4D61B5167EEA7B889F5240870AF5",
        "SPDXRef-File--OpenSSH-Win64-libcrypto.dll-F31CE54839A6AA2FE8E1A042BC227160862EF92D",
        "SPDXRef-File--OpenSSH-Win64-install-sshd.ps1-55F77BDA886FFDC959ED44DC1488CCD7A3DA3931",
        "SPDXRef-File--OpenSSH-Win64-ssh-keyscan.exe-D8359AE0D3AE69DA11DBCA5C7127F7233743DD37",
        "SPDXRef-File--OpenSSH-Win64-OpenSSHUtils.psm1-5FAEDC1604BE9B376570784BF2D86FF637FEC960",
        "SPDXRef-File--OpenSSH-Win64-FixUserFilePermissions.ps1-16AF70A12A5393601678B8D9587A4366379063E3",
        "SPDXRef-File--OpenSSH-Win64-NOTICE.txt-0C6BEDA8BE1A704C0C2615D4A481BACA0E56372D"
      ]
    }
  ],
  "externalDocumentRefs": [
    {
      "externalDocumentId": "DocumentRef-ZLib-1.3.1-16232b68c57e9d662108a05698d26f43c0acabea",
      "spdxDocument": "https://sbom.microsoft/1:2QSF7qZlbE-F7QrUJlEo7g:Ifmy0CRpKEe0S33n1Rdb-w/2901:522012/ZLib:1.3.1:0alOYoxgr0aKgbhQo6OyNw",
      "checksum": {
        "algorithm": "SHA1",
        "checksumValue": "16232b68c57e9d662108a05698d26f43c0acabea"
      }
    },
    {
      "externalDocumentId": "DocumentRef-LibreSSL-3.9.2.0-156360d785be3510595bb31d9db5364066966965",
      "spdxDocument": "https://sbom.microsoft/1:2QSF7qZlbE-F7QrUJlEo7g:Ifmy0CRpKEe0S33n1Rdb-w/2904:530625/LibreSSL:3.9.2.0:JeP88hUTAUuOztmkbmWMwQ",
      "checksum": {
        "algorithm": "SHA1",
        "checksumValue": "156360d785be3510595bb31d9db5364066966965"
      }
    },
    {
      "externalDocumentId": "DocumentRef-libfido2-1.15.0-b4d71991155efc0e5c2b2f7186ccbec3b7e54cb6",
      "spdxDocument": "https://sbom.microsoft/1:2QSF7qZlbE-F7QrUJlEo7g:Ifmy0CRpKEe0S33n1Rdb-w/2912:530705/libfido2:1.15.0:I44gQlgQAkeFIC0SjN9gPw",
      "checksum": {
        "algorithm": "SHA1",
        "checksumValue": "b4d71991155efc0e5c2b2f7186ccbec3b7e54cb6"
      }
    }
  ],
  "relationships": [
    {
      "relationshipType": "DESCRIBES",
      "relatedSpdxElement": "SPDXRef-RootPackage",
      "spdxElementId": "SPDXRef-DOCUMENT"
    },
    {
      "relationshipType": "DESCRIBED_BY",
      "relatedSpdxElement": "SPDXRef-DOCUMENT",
      "spdxElementId": "SPDXRef-File--..-..-s-OSS-Microsoft-OpenSSH-Dev-contrib-win32-openssh-ZLib--manifest-spdx-2.2-manifest.spdx.json-16232B68C57E9D662108A05698D26F43C0ACABEA"
    },
    {
      "relationshipType": "DEPENDS_ON",
      "relatedSpdxElement": "SPDXRef-Package-A6B550AE63FAE4F6684F78074DA208B4ADECD0551CB1D2393374A21604B75A9F",
      "spdxElementId": "SPDXRef-RootPackage"
    },
    {
      "relationshipType": "PREREQUISITE_FOR",
      "relatedSpdxElement": "DocumentRef-libfido2-1.15.0-b4d71991155efc0e5c2b2f7186ccbec3b7e54cb6:SPDXRef-RootPackage",
      "spdxElementId": "SPDXRef-RootPackage"
    },
    {
      "relationshipType": "DEPENDS_ON",
      "relatedSpdxElement": "SPDXRef-Package-182A9D7AD66AD96CB9B50CB7C7277CC82B7319584FF0AD78065EFF674DC885E2",
      "spdxElementId": "SPDXRef-RootPackage"
    },
    {
      "relationshipType": "DEPENDS_ON",
      "relatedSpdxElement": "SPDXRef-Package-0453B7455A0B8778D4DD20EE81622AB2F93F2F060FF21F033C6ECF10EA3EFE9F",
      "spdxElementId": "SPDXRef-RootPackage"
    },
    {
      "relationshipType": "DESCRIBED_BY",
      "relatedSpdxElement": "SPDXRef-DOCUMENT",
      "spdxElementId": "SPDXRef-File--..-..-s-OSS-Microsoft-OpenSSH-Dev-contrib-win32-openssh-libfido2--manifest-spdx-2.2-manifest.spdx.json-B4D71991155EFC0E5C2B2F7186CCBEC3B7E54CB6"
    },
    {
      "relationshipType": "DEPENDS_ON",
      "relatedSpdxElement": "SPDXRef-Package-50FA054C3CF71B778225C94E02FCA57826614416A915D007D604DF84D814DFA2",
      "spdxElementId": "SPDXRef-RootPackage"
    },
    {
      "relationshipType": "PREREQUISITE_FOR",
      "relatedSpdxElement": "DocumentRef-LibreSSL-3.9.2.0-156360d785be3510595bb31d9db5364066966965:SPDXRef-RootPackage",
      "spdxElementId": "SPDXRef-RootPackage"
    },
    {
      "relationshipType": "DEPENDS_ON",
      "relatedSpdxElement": "SPDXRef-Package-7D958500B3992EFD73E1B44F7EE13941A499D40BC9121889534BA2383A0CBB0D",
      "spdxElementId": "SPDXRef-RootPackage"
    },
    {
      "relationshipType": "DEPENDS_ON",
      "relatedSpdxElement": "SPDXRef-Package-DBE1ADCC77824D44C3798D437C096E9C2F45322F9BFB9D84DF3B676062741CAA",
      "spdxElementId": "SPDXRef-RootPackage"
    },
    {
      "relationshipType": "DEPENDS_ON",
      "relatedSpdxElement": "SPDXRef-Package-971DCD74BBB31990D0289EF759070595E5B80F51DA88731700252A67F3064BD6",
      "spdxElementId": "SPDXRef-RootPackage"
    },
    {
      "relationshipType": "DEPENDS_ON",
      "relatedSpdxElement": "SPDXRef-Package-C48644207E7AC039A85B1C41085F3B31ADE0273DA9D828D7D7C0D1F0CD93B8BA",
      "spdxElementId": "SPDXRef-RootPackage"
    },
    {
      "relationshipType": "DESCRIBED_BY",
      "relatedSpdxElement": "SPDXRef-DOCUMENT",
      "spdxElementId": "SPDXRef-File--..-..-s-OSS-Microsoft-OpenSSH-Dev-contrib-win32-openssh-LibreSSL--manifest-spdx-2.2-manifest.spdx.json-156360D785BE3510595BB31D9DB5364066966965"
    },
    {
      "relationshipType": "PREREQUISITE_FOR",
      "relatedSpdxElement": "DocumentRef-ZLib-1.3.1-16232b68c57e9d662108a05698d26f43c0acabea:SPDXRef-RootPackage",
      "spdxElementId": "SPDXRef-RootPackage"
    },
    {
      "relationshipType": "DEPENDS_ON",
      "relatedSpdxElement": "SPDXRef-Package-41513D39CF449D8ADCB8FD146C5BA8697DDD30C2F972014C55C4A6EC6AA7EB76",
      "spdxElementId": "SPDXRef-RootPackage"
    }
  ],
  "spdxVersion": "SPDX-2.2",
  "dataLicense": "CC0-1.0",
  "SPDXID": "SPDXRef-DOCUMENT",
  "name": "OpenSSH 9.8.1.0",
  "documentNamespace": "https://sbom.microsoft/1:2QSF7qZlbE-F7QrUJlEo7g:Ifmy0CRpKEe0S33n1Rdb-w/2896:535869/OpenSSH:9.8.1.0:nRRhWCp5eE-oHI_jnCS4Cg",
  "creationInfo": {
    "created": "2024-10-10T14:36:33Z",
    "creators": [
      "Organization: Microsoft",
      "Tool: Microsoft.SBOMTool-2.2.8"
    ]
  },
  "documentDescribes": [
    "SPDXRef-RootPackage"
  ]
}